{"cameraMode":{"drawMode":0,"name":"Shaded","section":"Shading Mode"},"sceneLighting":true,"audioPlay":false,"sceneViewState":{"showFog":true,"showMaterialUpdate":false,"showSkybox":true,"showFlares":true,"showImageEffects":true,"showParticleSystems":true},"in2DMode":false,"pivot":{"x":262.4554443359375,"y":140.00900268554688,"z":3.6180686950683595},"rotation":{"x":0.021306294947862626,"y":0.0132069056853652,"z":-0.00028090932755731046,"w":0.9996888637542725},"size":160.01547241210938,"orthographic":false}